id,name
1,Jacob
2,Michael
3,Ethan
4,Joshua
5,Daniel
6,Alexander
7,Anthony
8,William
9,Christopher
10,Matthew
11,Jayden
12,Andrew
13,Joseph
14,David
15,Noah
16,Aiden
17,James
18,Ryan
19,Logan
20,John
21,Nathan
22,Elijah
23,Christian
24,Gabriel
25,Benjamin
26,Jonathan
27,Tyler
28,Samuel
29,Nicholas
30,Gavin
31,Dylan
32,Jackson
33,Brandon
34,Caleb
35,Mason
36,Angel
37,Isaac
38,Evan
39,Jack
40,Kevin
41,Jose
42,Isaiah
43,Luke
44,Landon
45,Justin
46,Lucas
47,Zachary
48,Jordan
49,Robert
50,Aaron
51,Brayden
52,Thomas
53,Cameron
54,Hunter
55,Austin
56,Adrian
57,Connor
58,Owen
59,Aidan
60,Jason
61,Julian
62,Wyatt
63,Charles
64,Luis
65,Carter
66,Juan
67,Chase
68,Diego
69,Jeremiah
70,Brody
71,Xavier
72,Adam
73,Carlos
74,Sebastian
75,Liam
76,Hayden
77,Nathaniel
78,Henry
79,Jesus
80,Ian
81,Tristan
82,Bryan
83,Sean
84,Cole
85,Alex
86,Eric
87,Brian
88,Jaden
89,Carson
90,Blake
91,Ayden
92,Cooper
93,Dominic
94,Brady
95,Caden
96,Josiah
97,Kyle
98,Colton
99,Kaden
100,Eli
101,Miguel
102,Antonio
103,Parker
104,Steven
105,Alejandro
106,Riley
107,Richard
108,Timothy
109,Devin
110,Jesse
111,Victor
112,Jake
113,Joel
114,Colin
115,Kaleb
116,Bryce
117,Levi
118,Oliver
119,Oscar
120,Vincent
121,Ashton
122,Cody
123,Micah
124,Preston
125,Marcus
126,Max
127,Patrick
128,Seth
129,Jeremy
130,Peyton
131,Nolan
132,Ivan
133,Damian
134,Maxwell
135,Alan
136,Kenneth
137,Jonah
138,Jorge
139,Mark
140,Giovanni
141,Eduardo
142,Grant
143,Collin
144,Gage
145,Omar
146,Emmanuel
147,Trevor
148,Edward
149,Ricardo
150,Cristian
151,Nicolas
152,Kayden
153,George
154,Jaxon
155,Paul
156,Braden
157,Elias
158,Andres
159,Derek
160,Garrett
161,Tanner
162,Malachi
163,Conner
164,Fernando
165,Cesar
166,Javier
167,Miles
168,Jaiden
169,Alexis
170,Leonardo
171,Santiago
172,Francisco
173,Cayden
174,Shane
175,Edwin
176,Hudson
177,Travis
178,Bryson
179,Erick
180,Jace
181,Hector
182,Josue
183,Peter
184,Jaylen
185,Mario
186,Manuel
187,Abraham
188,Grayson
189,Damien
190,Kaiden
191,Spencer
192,Stephen
193,Edgar
194,Wesley
195,Shawn
196,Trenton
197,Jared
198,Jeffrey
199,Landen
200,Johnathan
201,Bradley
202,Braxton
203,Ryder
204,Camden
205,Roman
206,Asher
207,Brendan
208,Maddox
209,Sergio
210,Israel
211,Andy
212,Lincoln
213,Erik
214,Donovan
215,Raymond
216,Avery
217,Rylan
218,Dalton
219,Harrison
220,Andre
221,Martin
222,Keegan
223,Marco
224,Jude
225,Sawyer
226,Dakota
227,Leo
228,Calvin
229,Kai
230,Drake
231,Troy
232,Zion
233,Clayton
234,Roberto
235,Zane
236,Gregory
237,Tucker
238,Rafael
239,Kingston
240,Dominick
241,Ezekiel
242,Griffin
243,Devon
244,Drew
245,Lukas
246,Johnny
247,Ty
248,Pedro
249,Tyson
250,Caiden
251,Mateo
252,Braylon
253,Cash
254,Aden
255,Chance
256,Taylor
257,Marcos
258,Maximus
259,Ruben
260,Emanuel
261,Simon
262,Corbin
263,Brennan
264,Dillon
265,Skyler
266,Myles
267,Xander
268,Jaxson
269,Dawson
270,Kameron
271,Kyler
272,Axel
273,Colby
274,Jonas
275,Joaquin
276,Payton
277,Brock
278,Frank
279,Enrique
280,Quinn
281,Emilio
282,Malik
283,Grady
284,Angelo
285,Julio
286,Derrick
287,Raul
288,Fabian
289,Corey
290,Gerardo
291,Dante
292,Ezra
293,Armando
294,Allen
295,Theodore
296,Gael
297,Amir
298,Zander
299,Adan
300,Maximilian
301,Randy
302,Easton
303,Dustin
304,Luca
305,Phillip
306,Julius
307,Charlie
308,Ronald
309,Jakob
310,Cade
311,Brett
312,Trent
313,Silas
314,Keith
315,Emiliano
316,Trey
317,Jalen
318,Darius
319,Lane
320,Jerry
321,Jaime
322,Scott
323,Graham
324,Weston
325,Braydon
326,Anderson
327,Rodrigo
328,Pablo
329,Saul
330,Danny
331,Donald
332,Elliot
333,Brayan
334,Dallas
335,Lorenzo
336,Casey
337,Mitchell
338,Alberto
339,Tristen
340,Rowan
341,Jayson
342,Gustavo
343,Aaden
344,Amari
345,Dean
346,Braeden
347,Declan
348,Chris
349,Ismael
350,Dane
351,Louis
352,Arturo
353,Brenden
354,Felix
355,Jimmy
356,Cohen
357,Tony
358,Holden
359,Reid
360,Abel
361,Bennett
362,Zackary
363,Arthur
364,Nehemiah
365,Ricky
366,Esteban
367,Cruz
368,Finn
369,Mauricio
370,Dennis
371,Keaton
372,Albert
373,Marvin
374,Mathew
375,Larry
376,Moises
377,Issac
378,Philip
379,Quentin
380,Curtis
381,Greyson
382,Jameson
383,Everett
384,Jayce
385,Darren
386,Elliott
387,Uriel
388,Alfredo
389,Hugo
390,Alec
391,Jamari
392,Marshall
393,Walter
394,Judah
395,Jay
396,Lance
397,Beau
398,Ali
399,Landyn
400,Yahir
401,Phoenix
402,Nickolas
403,Kobe
404,Bryant
405,Maurice
406,Russell
407,Leland
408,Colten
409,Reed
410,Davis
411,Joe
412,Ernesto
413,Desmond
414,Kade
415,Reece
416,Morgan
417,Ramon
418,Rocco
419,Orlando
420,Ryker
421,Brodie
422,Paxton
423,Jacoby
424,Douglas
425,Kristopher
426,Gary
427,Lawrence
428,Izaiah
429,Solomon
430,Nikolas
431,Mekhi
432,Justice
433,Tate
434,Jaydon
435,Salvador
436,Shaun
437,Alvin
438,Eddie
439,Kane
440,Davion
441,Zachariah
442,Dorian
443,Titus
444,Kellen
445,Camron
446,Isiah
447,Javon
448,Nasir
449,Milo
450,Johan
451,Byron
452,Jasper
453,Jonathon
454,Chad
455,Marc
456,Kelvin
457,Chandler
458,Sam
459,Cory
460,Deandre
461,River
462,Reese
463,Roger
464,Quinton
465,Talon
466,Romeo
467,Franklin
468,Noel
469,Alijah
470,Guillermo
471,Gunner
472,Damon
473,Jadon
474,Emerson
475,Micheal
476,Bruce
477,Terry
478,Kolton
479,Melvin
480,Beckett
481,Porter
482,August
483,Brycen
484,Dayton
485,Jamarion
486,Leonel
487,Karson
488,Zayden
489,Keagan
490,Carl
491,Khalil
492,Cristopher
493,Nelson
494,Braiden
495,Moses
496,Isaias
497,Roy
498,Triston
499,Walker
500,Kale
501,Jermaine
502,Leon
503,Rodney
504,Kristian
505,Mohamed
506,Ronan
507,Pierce
508,Trace
509,Warren
510,Jeffery
511,Maverick
512,Cyrus
513,Quincy
514,Nathanael
515,Skylar
516,Tommy
517,Conor
518,Noe
519,Ezequiel
520,Demetrius
521,Jaylin
522,Kendrick
523,Frederick
524,Terrance
525,Bobby
526,Jamison
527,Jon
528,Rohan
529,Jett
530,Kieran
531,Tobias
532,Ari
533,Colt
534,Gideon
535,Felipe
536,Kenny
537,Wilson
538,Orion
539,Kamari
540,Gunnar
541,Jessie
542,Alonzo
543,Gianni
544,Omari
545,Waylon
546,Malcolm
547,Emmett
548,Abram
549,Julien
550,London
551,Tomas
552,Allan
553,Terrell
554,Matteo
555,Tristin
556,Jairo
557,Reginald
558,Brent
559,Ahmad
560,Yandel
561,Rene
562,Willie
563,Boston
564,Billy
565,Marlon
566,Trevon
567,Aydan
568,Jamal
569,Aldo
570,Ariel
571,Cason
572,Braylen
573,Javion
574,Joey
575,Rogelio
576,Ahmed
577,Dominik
578,Brendon
579,Toby
580,Kody
581,Marquis
582,Ulises
583,Armani
584,Adriel
585,Alfonso
586,Branden
587,Will
588,Craig
589,Ibrahim
590,Osvaldo
591,Wade
592,Harley
593,Steve
594,Davin
595,Deshawn
596,Kason
597,Damion
598,Jaylon
599,Jefferson
600,Aron
601,Brooks
602,Darian
603,Gerald
604,Rolando
605,Terrence
606,Enzo
607,Kian
608,Ryland
609,Barrett
610,Jaeden
611,Ben
612,Bradyn
613,Giovani
614,Blaine
615,Madden
616,Jerome
617,Muhammad
618,Ronnie
619,Layne
620,Kolby
621,Leonard
622,Vicente
623,Cale
624,Alessandro
625,Zachery
626,Gavyn
627,Aydin
628,Xzavier
629,Malakai
630,Raphael
631,Cannon
632,Rudy
633,Asa
634,Darrell
635,Giancarlo
636,Elisha
637,Junior
638,Zackery
639,Alvaro
640,Lewis
641,Valentin
642,Deacon
643,Jase
644,Harry
645,Kendall
646,Rashad
647,Finnegan
648,Mohammed
649,Ramiro
650,Cedric
651,Brennen
652,Santino
653,Stanley
654,Tyrone
655,Chace
656,Francis
657,Johnathon
658,Teagan
659,Zechariah
660,Alonso
661,Kaeden
662,Kamden
663,Gilberto
664,Ray
665,Karter
666,Luciano
667,Nico
668,Kole
669,Aryan
670,Draven
671,Jamie
672,Misael
673,Lee
674,Alexzander
675,Camren
676,Giovanny
677,Amare
678,Rhett
679,Rhys
680,Rodolfo
681,Nash
682,Markus
683,Deven
684,Mohammad
685,Moshe
686,Quintin
687,Dwayne
688,Memphis
689,Atticus
690,Davian
691,Eugene
692,Jax
693,Antoine
694,Wayne
695,Randall
696,Semaj
697,Uriah
698,Clark
699,Aidyn
700,Jorden
701,Maxim
702,Aditya
703,Lawson
704,Messiah
705,Korbin
706,Sullivan
707,Freddy
708,Demarcus
709,Neil
710,Brice
711,King
712,Davon
713,Elvis
714,Ace
715,Dexter
716,Heath
717,Duncan
718,Jamar
719,Sincere
720,Irvin
721,Remington
722,Kadin
723,Soren
724,Tyree
725,Damarion
726,Talan
727,Adrien
728,Gilbert
729,Keenan
730,Darnell
731,Adolfo
732,Tristian
733,Derick
734,Isai
735,Rylee
736,Gauge
737,Harold
738,Kareem
739,Deangelo
740,Agustin
741,Coleman
742,Zavier
743,Lamar
744,Emery
745,Jaydin
746,Devan
747,Jordyn
748,Mathias
749,Prince
750,Sage
751,Seamus
752,Jasiah
753,Efrain
754,Darryl
755,Arjun
756,Mike
757,Roland
758,Conrad
759,Kamron
760,Hamza
761,Santos
762,Frankie
763,Dominique
764,Marley
765,Vance
766,Dax
767,Jamir
768,Kylan
769,Todd
770,Maximo
771,Jabari
772,Matthias
773,Haiden
774,Luka
775,Marcelo
776,Keon
777,Layton
778,Tyrell
779,Kash
780,Raiden
781,Cullen
782,Donte
783,Jovani
784,Cordell
785,Kasen
786,Rory
787,Alfred
788,Darwin
789,Ernest
790,Bailey
791,Gaige
792,Hassan
793,Jamarcus
794,Killian
795,Augustus
796,Trevin
797,Zain
798,Ellis
799,Rex
800,Yusuf
801,Bruno
802,Jaidyn
803,Justus
804,Ronin
805,Humberto
806,Jaquan
807,Josh
808,Kasey
809,Winston
810,Dashawn
811,Lucian
812,Matias
813,Sidney
814,Ignacio
815,Nigel
816,Van
817,Elian
818,Finley
819,Jaron
820,Addison
821,Aedan
822,Braedon
823,Jadyn
824,Konner
825,Zayne
826,Franco
827,Niko
828,Savion
829,Cristofer
830,Deon
831,Krish
832,Anton
833,Brogan
834,Cael
835,Coby
836,Kymani
837,Marcel
838,Yair
839,Dale
840,Bo
841,Jordon
842,Samir
843,Darien
844,Zaire
845,Ross
846,Vaughn
847,Devyn
848,Kenyon
849,Clay
850,Dario
851,Ishaan
852,Jair
853,Kael
854,Adonis
855,Jovanny
856,Clinton
857,Rey
858,Chaim
859,German
860,Harper
861,Nathen
862,Rigoberto
863,Sonny
864,Glenn
865,Octavio
866,Blaze
867,Keshawn
868,Ralph
869,Ean
870,Nikhil
871,Rayan
872,Sterling
873,Branson
874,Jadiel
875,Dillan
876,Jeramiah
877,Koen
878,Konnor
879,Antwan
880,Houston
881,Tyrese
882,Dereon
883,Leonidas
884,Zack
885,Fisher
886,Jaydan
887,Quinten
888,Nick
889,Urijah
890,Darion
891,Jovan
892,Salvatore
893,Beckham
894,Jarrett
895,Antony
896,Eden
897,Makai
898,Zaiden
899,Broderick
900,Camryn
901,Malaki
902,Nikolai
903,Howard
904,Immanuel
905,Demarion
906,Valentino
907,Jovanni
908,Ayaan
909,Ethen
910,Leandro
911,Royce
912,Yael
913,Yosef
914,Jean
915,Marquise
916,Alden
917,Leroy
918,Gaven
919,Jovany
920,Tyshawn
921,Aarav
922,Kadyn
923,Milton
924,Zaid
925,Kelton
926,Tripp
927,Kamren
928,Slade
929,Hezekiah
930,Jakobe
931,Nathanial
932,Rishi
933,Shamar
934,Geovanni
935,Pranav
936,Roderick
937,Bentley
938,Clarence
939,Lyric
940,Bernard
941,Carmelo
942,Denzel
943,Maximillian
944,Reynaldo
945,Cassius
946,Gordon
947,Reuben
948,Samson
949,Yadiel
950,Jayvon
951,Reilly
952,Sheldon
953,Abdullah
954,Jagger
955,Thaddeus
956,Case
957,Kyson
958,Lamont
959,Chaz
960,Makhi
961,Jan
962,Marques
963,Oswaldo
964,Donavan
965,Keyon
966,Kyan
967,Simeon
968,Trystan
969,Andreas
970,Dangelo
971,Landin
972,Reagan
973,Turner
974,Arnav
975,Brenton
976,Callum
977,Jayvion
978,Bridger
979,Sammy
980,Deegan
981,Jaylan
982,Lennon
983,Odin
984,Abdiel
985,Jerimiah
986,Eliezer
987,Bronson
988,Cornelius
989,Pierre
990,Cortez
991,Baron
992,Carlo
993,Carsen
994,Fletcher
995,Izayah
996,Kolten
997,Damari
998,Hugh
999,Jensen
1000,Yurem
1001,Emma
1002,Isabella
1003,Emily
1004,Madison
1005,Ava
1006,Olivia
1007,Sophia
1008,Abigail
1009,Elizabeth
1010,Chloe
1011,Samantha
1012,Addison
1013,Natalie
1014,Mia
1015,Alexis
1016,Alyssa
1017,Hannah
1018,Ashley
1019,Ella
1020,Sarah
1021,Grace
1022,Taylor
1023,Brianna
1024,Lily
1025,Hailey
1026,Anna
1027,Victoria
1028,Kayla
1029,Lillian
1030,Lauren
1031,Kaylee
1032,Allison
1033,Savannah
1034,Nevaeh
1035,Gabriella
1036,Sofia
1037,Makayla
1038,Avery
1039,Riley
1040,Julia
1041,Leah
1042,Aubrey
1043,Jasmine
1044,Audrey
1045,Katherine
1046,Morgan
1047,Brooklyn
1048,Destiny
1049,Sydney
1050,Alexa
1051,Kylie
1052,Brooke
1053,Kaitlyn
1054,Evelyn
1055,Layla
1056,Madeline
1057,Kimberly
1058,Zoe
1059,Jessica
1060,Peyton
1061,Alexandra
1062,Claire
1063,Madelyn
1064,Maria
1065,Mackenzie
1066,Arianna
1067,Jocelyn
1068,Amelia
1069,Angelina
1070,Trinity
1071,Andrea
1072,Maya
1073,Valeria
1074,Sophie
1075,Rachel
1076,Vanessa
1077,Aaliyah
1078,Mariah
1079,Gabrielle
1080,Katelyn
1081,Ariana
1082,Bailey
1083,Camila
1084,Jennifer
1085,Melanie
1086,Gianna
1087,Charlotte
1088,Paige
1089,Autumn
1090,Payton
1091,Faith
1092,Sara
1093,Isabelle
1094,Caroline
1095,Genesis
1096,Isabel
1097,Mary
1098,Zoey
1099,Gracie
1100,Megan
1101,Haley
1102,Mya
1103,Michelle
1104,Molly
1105,Stephanie
1106,Nicole
1107,Jenna
1108,Natalia
1109,Sadie
1110,Jada
1111,Serenity
1112,Lucy
1113,Ruby
1114,Eva
1115,Kennedy
1116,Rylee
1117,Jayla
1118,Naomi
1119,Rebecca
1120,Lydia
1121,Daniela
1122,Bella
1123,Keira
1124,Adriana
1125,Lilly
1126,Hayden
1127,Miley
1128,Katie
1129,Jade
1130,Jordan
1131,Gabriela
1132,Amy
1133,Angela
1134,Melissa
1135,Valerie
1136,Giselle
1137,Diana
1138,Amanda
1139,Kate
1140,Laila
1141,Reagan
1142,Jordyn
1143,Kylee
1144,Danielle
1145,Briana
1146,Marley
1147,Leslie
1148,Kendall
1149,Catherine
1150,Liliana
1151,Mckenzie
1152,Jacqueline
1153,Ashlyn
1154,Reese
1155,Marissa
1156,London
1157,Juliana
1158,Shelby
1159,Cheyenne
1160,Angel
1161,Daisy
1162,Makenzie
1163,Miranda
1164,Erin
1165,Amber
1166,Alana
1167,Ellie
1168,Breanna
1169,Ana
1170,Mikayla
1171,Summer
1172,Piper
1173,Adrianna
1174,Jillian
1175,Sierra
1176,Jayden
1177,Sienna
1178,Alicia
1179,Lila
1180,Margaret
1181,Alivia
1182,Brooklynn
1183,Karen
1184,Violet
1185,Sabrina
1186,Stella
1187,Aniyah
1188,Annabelle
1189,Alexandria
1190,Kathryn
1191,Skylar
1192,Aliyah
1193,Delilah
1194,Julianna
1195,Kelsey
1196,Khloe
1197,Carly
1198,Amaya
1199,Mariana
1200,Christina
1201,Alondra
1202,Tessa
1203,Eliana
1204,Bianca
1205,Jazmin
1206,Clara
1207,Vivian
1208,Josephine
1209,Delaney
1210,Scarlett
1211,Elena
1212,Cadence
1213,Alexia
1214,Maggie
1215,Laura
1216,Nora
1217,Ariel
1218,Elise
1219,Nadia
1220,Mckenna
1221,Chelsea
1222,Lyla
1223,Alaina
1224,Jasmin
1225,Hope
1226,Leila
1227,Caitlyn
1228,Cassidy
1229,Makenna
1230,Allie
1231,Izabella
1232,Eden
1233,Callie
1234,Haylee
1235,Caitlin
1236,Kendra
1237,Karina
1238,Kyra
1239,Kayleigh
1240,Addyson
1241,Kiara
1242,Jazmine
1243,Karla
1244,Camryn
1245,Alina
1246,Lola
1247,Kyla
1248,Kelly
1249,Fatima
1250,Tiffany
1251,Kira
1252,Crystal
1253,Mallory
1254,Esmeralda
1255,Alejandra
1256,Eleanor
1257,Angelica
1258,Jayda
1259,Abby
1260,Kara
1261,Veronica
1262,Carmen
1263,Jamie
1264,Ryleigh
1265,Valentina
1266,Allyson
1267,Dakota
1268,Kamryn
1269,Courtney
1270,Cecilia
1271,Madeleine
1272,Aniya
1273,Alison
1274,Esther
1275,Heaven
1276,Aubree
1277,Lindsey
1278,Leilani
1279,Nina
1280,Melody
1281,Macy
1282,Ashlynn
1283,Joanna
1284,Cassandra
1285,Alayna
1286,Kaydence
1287,Madilyn
1288,Aurora
1289,Heidi
1290,Emerson
1291,Kimora
1292,Madalyn
1293,Erica
1294,Josie
1295,Katelynn
1296,Guadalupe
1297,Harper
1298,Ivy
1299,Lexi
1300,Camille
1301,Savanna
1302,Dulce
1303,Daniella
1304,Lucia
1305,Emely
1306,Joselyn
1307,Kiley
1308,Kailey
1309,Miriam
1310,Cynthia
1311,Rihanna
1312,Georgia
1313,Rylie
1314,Harmony
1315,Kiera
1316,Kyleigh
1317,Monica
1318,Bethany
1319,Kaylie
1320,Cameron
1321,Teagan
1322,Cora
1323,Brynn
1324,Ciara
1325,Genevieve
1326,Alice
1327,Maddison
1328,Eliza
1329,Tatiana
1330,Jaelyn
1331,Erika
1332,Ximena
1333,April
1334,Marely
1335,Julie
1336,Danica
1337,Presley
1338,Brielle
1339,Julissa
1340,Angie
1341,Iris
1342,Brenda
1343,Hazel
1344,Rose
1345,Malia
1346,Shayla
1347,Fiona
1348,Phoebe
1349,Nayeli
1350,Paola
1351,Kaelyn
1352,Selena
1353,Audrina
1354,Rebekah
1355,Carolina
1356,Janiyah
1357,Michaela
1358,Penelope
1359,Janiya
1360,Anastasia
1361,Adeline
1362,Ruth
1363,Sasha
1364,Denise
1365,Holly
1366,Madisyn
1367,Hanna
1368,Tatum
1369,Marlee
1370,Nataly
1371,Helen
1372,Janelle
1373,Lizbeth
1374,Serena
1375,Anya
1376,Jaslene
1377,Kaylin
1378,Jazlyn
1379,Nancy
1380,Lindsay
1381,Desiree
1382,Hayley
1383,Itzel
1384,Imani
1385,Madelynn
1386,Asia
1387,Kadence
1388,Madyson
1389,Talia
1390,Jane
1391,Kayden
1392,Annie
1393,Amari
1394,Bridget
1395,Raegan
1396,Jadyn
1397,Celeste
1398,Jimena
1399,Luna
1400,Yasmin
1401,Emilia
1402,Annika
1403,Estrella
1404,Sarai
1405,Lacey
1406,Ayla
1407,Alessandra
1408,Willow
1409,Nyla
1410,Dayana
1411,Lilah
1412,Lilliana
1413,Natasha
1414,Hadley
1415,Harley
1416,Priscilla
1417,Claudia
1418,Allisson
1419,Baylee
1420,Brenna
1421,Brittany
1422,Skyler
1423,Fernanda
1424,Danna
1425,Melany
1426,Cali
1427,Lia
1428,Macie
1429,Lyric
1430,Logan
1431,Gloria
1432,Lana
1433,Mylee
1434,Cindy
1435,Lilian
1436,Amira
1437,Anahi
1438,Alissa
1439,Anaya
1440,Lena
1441,Ainsley
1442,Sandra
1443,Noelle
1444,Marisol
1445,Meredith
1446,Kailyn
1447,Lesly
1448,Johanna
1449,Diamond
1450,Evangeline
1451,Juliet
1452,Kathleen
1453,Meghan
1454,Paisley
1455,Athena
1456,Hailee
1457,Rosa
1458,Wendy
1459,Emilee
1460,Sage
1461,Alanna
1462,Elaina
1463,Cara
1464,Nia
1465,Paris
1466,Casey
1467,Dana
1468,Emery
1469,Rowan
1470,Aubrie
1471,Kaitlin
1472,Jaden
1473,Kenzie
1474,Kiana
1475,Viviana
1476,Norah
1477,Lauryn
1478,Perla
1479,Amiyah
1480,Alyson
1481,Rachael
1482,Shannon
1483,Aileen
1484,Miracle
1485,Lillie
1486,Danika
1487,Heather
1488,Kassidy
1489,Taryn
1490,Tori
1491,Francesca
1492,Kristen
1493,Amya
1494,Elle
1495,Kristina
1496,Cheyanne
1497,Haylie
1498,Patricia
1499,Anne
1500,Samara
1501,Skye
1502,Kali
1503,America
1504,Lexie
1505,Parker
1506,Halle
1507,Londyn
1508,Abbigail
1509,Linda
1510,Hallie
1511,Saniya
1512,Bryanna
1513,Bailee
1514,Jaylynn
1515,Mckayla
1516,Quinn
1517,Jaelynn
1518,Jaida
1519,Caylee
1520,Jaiden
1521,Melina
1522,Abril
1523,Sidney
1524,Kassandra
1525,Elisabeth
1526,Adalyn
1527,Kaylynn
1528,Mercedes
1529,Yesenia
1530,Elliana
1531,Brylee
1532,Dylan
1533,Isabela
1534,Ryan
1535,Ashlee
1536,Daphne
1537,Kenya
1538,Marina
1539,Christine
1540,Mikaela
1541,Kaitlynn
1542,Justice
1543,Saniyah
1544,Jaliyah
1545,Ingrid
1546,Marie
1547,Natalee
1548,Joy
1549,Juliette
1550,Simone
1551,Adelaide
1552,Krystal
1553,Kennedi
1554,Mila
1555,Tamia
1556,Addisyn
1557,Aylin
1558,Dayanara
1559,Sylvia
1560,Clarissa
1561,Maritza
1562,Virginia
1563,Braelyn
1564,Jolie
1565,Jaidyn
1566,Kinsley
1567,Kirsten
1568,Laney
1569,Marilyn
1570,Whitney
1571,Janessa
1572,Raquel
1573,Anika
1574,Kamila
1575,Aria
1576,Rubi
1577,Adelyn
1578,Amara
1579,Ayanna
1580,Teresa
1581,Zariah
1582,Kaleigh
1583,Amani
1584,Carla
1585,Yareli
1586,Gwendolyn
1587,Paulina
1588,Nathalie
1589,Annabella
1590,Jaylin
1591,Tabitha
1592,Deanna
1593,Madalynn
1594,Journey
1595,Aiyana
1596,Skyla
1597,Yaretzi
1598,Ada
1599,Liana
1600,Karlee
1601,Jenny
1602,Myla
1603,Cristina
1604,Myah
1605,Lisa
1606,Tania
1607,Isis
1608,Jayleen
1609,Jordin
1610,Arely
1611,Azul
1612,Helena
1613,Aryanna
1614,Jaqueline
1615,Lucille
1616,Destinee
1617,Martha
1618,Zoie
1619,Arielle
1620,Liberty
1621,Marlene
1622,Elisa
1623,Isla
1624,Noemi
1625,Raven
1626,Jessie
1627,Aleah
1628,Kailee
1629,Kaliyah
1630,Lilyana
1631,Haven
1632,Tara
1633,Giana
1634,Camilla
1635,Maliyah
1636,Irene
1637,Carley
1638,Maeve
1639,Lea
1640,Macey
1641,Sharon
1642,Alisha
1643,Marisa
1644,Jaylene
1645,Kaya
1646,Scarlet
1647,Siena
1648,Adyson
1649,Maia
1650,Shiloh
1651,Tiana
1652,Jaycee
1653,Gisselle
1654,Yazmin
1655,Eve
1656,Shyanne
1657,Arabella
1658,Sherlyn
1659,Sariah
1660,Amiya
1661,Kiersten
1662,Madilynn
1663,Shania
1664,Aleena
1665,Finley
1666,Kinley
1667,Kaia
1668,Aliya
1669,Taliyah
1670,Pamela
1671,Yoselin
1672,Ellen
1673,Carlie
1674,Monserrat
1675,Jakayla
1676,Reyna
1677,Yaritza
1678,Carolyn
1679,Clare
1680,Lorelei
1681,Paula
1682,Zaria
1683,Gracelyn
1684,Kasey
1685,Regan
1686,Alena
1687,Angelique
1688,Regina
1689,Britney
1690,Emilie
1691,Mariam
1692,Jaylee
1693,Julianne
1694,Greta
1695,Elyse
1696,Lainey
1697,Kallie
1698,Felicity
1699,Zion
1700,Aspen
1701,Carlee
1702,Annalise
1703,Iliana
1704,Larissa
1705,Akira
1706,Sonia
1707,Catalina
1708,Phoenix
1709,Joslyn
1710,Anabelle
1711,Mollie
1712,Susan
1713,Judith
1714,Destiney
1715,Hillary
1716,Janet
1717,Katrina
1718,Mareli
1719,Ansley
1720,Kaylyn
1721,Alexus
1722,Gia
1723,Maci
1724,Elsa
1725,Stacy
1726,Kaylen
1727,Carissa
1728,Haleigh
1729,Lorena
1730,Jazlynn
1731,Milagros
1732,Luz
1733,Leanna
1734,Renee
1735,Shaniya
1736,Charlie
1737,Abbie
1738,Cailyn
1739,Cherish
1740,Elsie
1741,Jazmyn
1742,Elaine
1743,Emmalee
1744,Luciana
1745,Dahlia
1746,Jamya
1747,Belinda
1748,Mariyah
1749,Chaya
1750,Dayami
1751,Rhianna
1752,Yadira
1753,Aryana
1754,Rosemary
1755,Armani
1756,Cecelia
1757,Celia
1758,Barbara
1759,Cristal
1760,Eileen
1761,Rayna
1762,Campbell
1763,Amina
1764,Aisha
1765,Amirah
1766,Ally
1767,Araceli
1768,Averie
1769,Mayra
1770,Sanaa
1771,Patience
1772,Leyla
1773,Selah
1774,Zara
1775,Chanel
1776,Kaiya
1777,Keyla
1778,Miah
1779,Aimee
1780,Giovanna
1781,Amelie
1782,Kelsie
1783,Alisson
1784,Angeline
1785,Dominique
1786,Adrienne
1787,Brisa
1788,Cierra
1789,Paloma
1790,Isabell
1791,Precious
1792,Alma
1793,Charity
1794,Jacquelyn
1795,Janae
1796,Frances
1797,Shyla
1798,Janiah
1799,Kierra
1800,Karlie
1801,Annabel
1802,Jacey
1803,Karissa
1804,Jaylah
1805,Xiomara
1806,Edith
1807,Marianna
1808,Damaris
1809,Deborah
1810,Jaylyn
1811,Evelin
1812,Mara
1813,Olive
1814,Ayana
1815,India
1816,Kendal
1817,Kayley
1818,Tamara
1819,Briley
1820,Charlee
1821,Nylah
1822,Abbey
1823,Moriah
1824,Saige
1825,Savanah
1826,Giada
1827,Hana
1828,Lizeth
1829,Matilda
1830,Ann
1831,Jazlene
1832,Gillian
1833,Beatrice
1834,Ireland
1835,Karly
1836,Mylie
1837,Yasmine
1838,Ashly
1839,Kenna
1840,Maleah
1841,Corinne
1842,Keely
1843,Tanya
1844,Tianna
1845,Adalynn
1846,Ryann
1847,Salma
1848,Areli
1849,Karma
1850,Shyann
1851,Kaley
1852,Theresa
1853,Evie
1854,Gina
1855,Roselyn
1856,Kaila
1857,Jaylen
1858,Natalya
1859,Meadow
1860,Rayne
1861,Aliza
1862,Yuliana
1863,June
1864,Lilianna
1865,Nathaly
1866,Ali
1867,Alisa
1868,Aracely
1869,Belen
1870,Tess
1871,Jocelynn
1872,Litzy
1873,Makena
1874,Abagail
1875,Giuliana
1876,Joyce
1877,Libby
1878,Lillianna
1879,Thalia
1880,Tia
1881,Sarahi
1882,Zaniyah
1883,Kristin
1884,Lorelai
1885,Mattie
1886,Taniya
1887,Jaslyn
1888,Gemma
1889,Valery
1890,Lailah
1891,Mckinley
1892,Micah
1893,Deja
1894,Frida
1895,Brynlee
1896,Jewel
1897,Krista
1898,Mira
1899,Yamilet
1900,Adison
1901,Carina
1902,Karli
1903,Magdalena
1904,Stephany
1905,Charlize
1906,Raelynn
1907,Aliana
1908,Cassie
1909,Mina
1910,Karley
1911,Shirley
1912,Marlie
1913,Alani
1914,Taniyah
1915,Cloe
1916,Sanai
1917,Lina
1918,Nola
1919,Anabella
1920,Dalia
1921,Raina
1922,Mariela
1923,Ariella
1924,Bria
1925,Kamari
1926,Monique
1927,Ashleigh
1928,Reina
1929,Alia
1930,Ashanti
1931,Lara
1932,Lilia
1933,Justine
1934,Leia
1935,Maribel
1936,Abigayle
1937,Tiara
1938,Alannah
1939,Princess
1940,Sydnee
1941,Kamora
1942,Paityn
1943,Payten
1944,Naima
1945,Gretchen
1946,Heidy
1947,Nyasia
1948,Livia
1949,Marin
1950,Shaylee
1951,Maryjane
1952,Laci
1953,Nathalia
1954,Azaria
1955,Anabel
1956,Chasity
1957,Emmy
1958,Izabelle
1959,Denisse
1960,Emelia
1961,Mireya
1962,Shea
1963,Amiah
1964,Dixie
1965,Maren
1966,Averi
1967,Esperanza
1968,Micaela
1969,Selina
1970,Alyvia
1971,Chana
1972,Avah
1973,Donna
1974,Kaylah
1975,Ashtyn
1976,Karsyn
1977,Makaila
1978,Shayna
1979,Essence
1980,Leticia
1981,Miya
1982,Rory
1983,Desirae
1984,Kianna
1985,Laurel
1986,Neveah
1987,Amaris
1988,Hadassah
1989,Dania
1990,Hailie
1991,Jamiya
1992,Kathy
1993,Laylah
1994,Riya
1995,Diya
1996,Carleigh
1997,Iyana
1998,Kenley
1999,Sloane
2000,Elianna
